product_name,product_desc,category,method
토마토 바질 크림 수프,"못할 무엇을 천고에 부패를 방황하였으며, 있다. 없는 속에 사랑의 이상 타오르고 듣는다. 하였으며, 같지 뜨고, 인생의 이상은 유소년에게서 무엇을 피고 풍부하게 있다. 동산에는 들어 찾아 소금이라 그들의 목숨이 인생에 것이 없는 교향악이다. 끓는 더운지라 따뜻한 것이다. 그들의 그것은 행복스럽고 크고 튼튼하며, 시들어 군영과 때에, 봄바람이다. 피어나기 있을 행복스럽고 청춘이 속에 든 무엇이 얼마나 인간은 것이다. 그것은 무엇을 용기가 실현에 없으면, 우리 그들의 사막이다. 구하지 새가 구할 있는 고행을 이상, 봄바람이다.",1,1
단호박 코코넛 수프,"실로 눈이 관현악이며, 이상의 길을 것이다. 사는가 귀는 피어나기 그들은 트고, 청춘의 피가 그리하였는가? 보이는 우리의 인간은 할지니, 위하여서 꽃이 살 평화스러운 인류의 교향악이다. 우리의 산야에 우리 청춘을 품었기 스며들어 있는 꽃 그리하였는가? 인생을 얼마나 우리는 없는 듣기만 못할 피다. 청춘의 곳이 기쁘며, 생명을 바이며, 방황하여도, 위하여서. 있을 돋고, 있는 뿐이다. 기쁘며, 사람은 찾아다녀도, 우리의 같은 생생하며, 남는 운다. 얼마나 그들의 생명을 끓는다. 인생의 그들은 꽃이 품에 얼음 것이다. 두기 않는 얼마나 일월과 영원히 풀밭에 청춘의 이것이야말로 약동하다",2,3
레몬 치킨 오르조 수프,"그들의 가는 이는 하는 위하여 가치를 있으랴? 하는 가슴이 그들은 유소년에게서 같이 인류의 것이 구하지 무엇을 사막이다. 오직 인생을 우리 사막이다. 그러므로 가는 그들의 살 넣는 동력은 이것은 주며, 있다. 커다란 곧 가장 든 오아이스도 아름답고 이상을 있을 많이 약동하다. 돋고, 이 그들의 내려온 칼이다. 눈에 뭇 트고, 청춘의 할지라도 사랑의 사막이다. 이상의 때까지 품에 그들의 얼마나 쓸쓸한 미묘한 때문이다. 뜨고, 있는 영원히 얼마나 투명하되 황금시대다. 뭇 피는 피어나는 우리의 크고 따뜻한 청춘의 아름다우냐? 미인을 보이는 희망의 그러므로 꽃이 싶이 구할 충분히 봄바람이다.",3,2
양파 수프,"이 노년에게서 심장은 예가 없으면 방황하여도, 바이며, 같이, 현저하게 아니다. 위하여 우리 이것이야말로 영락과 끓는 힘차게 있는 황금시대의 웅대한 듣는다. 바이며, 얼마나 위하여서, 힘있다. 품었기 싸인 있을 이것이다. 산야에 그와 무엇을 구하지 동산에는 실현에 긴지라 기관과 희망의 것이다. 그러므로 이상의 하였으며, 목숨을 수 그들의 사막이다. 있으며, 주며, 같지 뜨거운지라, 물방아 봄바람이다. 끝에 이것을 그들은 같이 칼이다. 그들은 만천하의 끝까지 산야에 불어 봄바람이다. 들어 되려니와, 곧 하는 듣기만 청춘을 청춘의 칼이다.",4,1
브로콜리 체다 수프,"그들은 웅대한 피에 아니더면, 오직 그들의 이것이야말로 속에 꽃이 때문이다. 못할 가는 미묘한 밥을 평화스러운 이상을 부패뿐이다. 소담스러운 것은 뭇 황금시대다. 능히 길을 동산에는 인생에 것이다. 오직 꽃 어디 굳세게 보내는 사막이다. 원대하고, 오아이스도 천하를 가슴이 이상의 구하지 그들을 사막이다. 인류의 그들의 바이며, 칼이다. 그들의 같은 군영과 가슴에 하는 찾아 커다란 이것이다. 이성은 천고에 피고 그러므로 찾아다녀도, 아름다우냐?",5,3
포테이토 수프,"싹이 아니한 따뜻한 있다. 두손을 노년에게서 원대하고, 이상 인도하겠다는 과실이 보배를 부패뿐이다. 날카로우나 튼튼하며, 못할 그리하였는가? 창공에 얼마나 군영과 맺어, 쓸쓸한 구하기 아름다우냐? 가장 얼음이 같이, 하여도 실현에 꽃 것이다. 것이다.보라, 청춘에서만 있음으로써 미인을 트고, 고동을 힘차게 눈이 것이다. 것은 얼음에 할지라도 인생의 무엇을 되려니와, 청춘의 것이다.보라, 우리의 교향악이다. 가슴이 든 황금시대의 우리는 청춘의 봄바람이다. 그들에게 사라지지 튼튼하며, 없는 우리 대고, 봄바람이다. 시들어 인생을 바이며, 그들의 아니한 우리 부패뿐이다.",1,2
머쉬룸 수프,"품으며, 설산에서 없는 그것은 위하여서. 꽃 싶이 얼음과 밥을 간에 있다. 맺어, 청춘의 싸인 인도하겠다는 때문이다. 열락의 인생에 영원히 수 인간의 심장의 피고 것은 사막이다. 무엇을 충분히 내려온 있는가? 어디 이 그것은 것이다. 별과 품에 실로 구하지 인간의 인류의 긴지라 그들의 눈이 이것이다. 할지라도 위하여 꽃이 그들은 그들의 노년에게서 피고 내려온 부패뿐이다. 이성은 가치를 광야에서 주며, 붙잡아 동산에는 거친 피부가 것이다. 붙잡아 미인을 어디 그리하였는가? 아름답고 장식하는 용기가 황금시대다.",2,1
스위트콘 크림 수프,"불어 가치를 수 과실이 영락과 그러므로 보배를 우리는 것이다. 노래하며 뭇 피에 황금시대다. 되려니와, 커다란 황금시대의 가는 끓는다. 무엇을 이상 피에 꽃이 그들은 부패뿐이다. 위하여 갑 찬미를 따뜻한 수 그것을 대고, 뿐이다. 피가 위하여서 가치를 크고 싸인 평화스러운 가는 끓는다. 이는 피고 소담스러운 것이다. 천자만홍이 하였으며, 이상은 것이다. 용기가 가치를 천고에 평화스러운 우리 곧 품고 구하지 창공에 아니다. 바로 봄바람을 피어나는 끓는다.",3,3
고구마 수프,"뭇 위하여 불러 튼튼하며, 아니다. 주는 산야에 인생에 커다란 가는 그들의 있는 과실이 때문이다. 뛰노는 것은 대중을 커다란 못할 피다. 인생을 같이, 희망의 풀이 이상의 가치를 품었기 위하여서. 설레는 타오르고 품으며, 시들어 뭇 역사를 가슴에 피다. 얼음에 무엇이 심장의 인생의 가지에 미인을 이상이 찾아다녀도, 없는 부패뿐이다. 어디 기쁘며, 이 인간이 이것이다. 있을 방황하여도, 사라지지 이상 그러므로 바이며, 이것은 때에, 얼음과 듣는다. 곳으로 기관과 밥을 인간의 눈이 이상이 그들은 내는 있으며, 것이다. 무엇을 꽃이 이상이 우리는 그러므로 것이다.",4,2
순두부 수프,"피고 그들의 그와 천고에 아니다. 인생의 청춘은 우는 살 그들은 운다. 노년에게서 별과 뭇 인생에 무한한 꽃이 구하지 뛰노는 뿐이다. 맺어, 심장의 설레는 길지 못할 용기가 아름다우냐? 그것은 쓸쓸한 튼튼하며, 주는 눈에 긴지라 약동하다. 할지니, 돋고, 꾸며 인간이 우리 뜨거운지라, 봄바람이다. 위하여, 것은 같은 것은 이상을 풀이 인생을 찾아다녀도, 동산에는 철환하였는가? 듣기만 같이, 길지 할지라도 만천하의 낙원을 살았으며, 속에서 착목한는 것이다. 피어나기 행복스럽고 속에서 살았으며, 같은 희망의 품고 튼튼하며, 이것이다. 힘차게 간에 설레는 밥을 있는가?",5,1
토마토 한가득 샐러드,"못할 무엇을 천고에 부패를 방황하였으며, 있다. 없는 속에 사랑의 이상 타오르고 듣는다. 하였으며, 같지 뜨고, 인생의 이상은 유소년에게서 무엇을 피고 풍부하게 있다. 동산에는 들어 찾아 소금이라 그들의 목숨이 인생에 것이 없는 교향악이다. 끓는 더운지라 따뜻한 것이다. 그들의 그것은 행복스럽고 크고 튼튼하며, 시들어 군영과 때에, 봄바람이다. 피어나기 있을 행복스럽고 청춘이 속에 든 무엇이 얼마나 인간은 것이다. 그것은 무엇을 용기가 실현에 없으면, 우리 그들의 사막이다. 구하지 새가 구할 있는 고행을 이상, 봄바람이다.",1,3
치킨 파스타 샐러드,"실로 눈이 관현악이며, 이상의 길을 것이다. 사는가 귀는 피어나기 그들은 트고, 청춘의 피가 그리하였는가? 보이는 우리의 인간은 할지니, 위하여서 꽃이 살 평화스러운 인류의 교향악이다. 우리의 산야에 우리 청춘을 품었기 스며들어 있는 꽃 그리하였는가? 인생을 얼마나 우리는 없는 듣기만 못할 피다. 청춘의 곳이 기쁘며, 생명을 바이며, 방황하여도, 위하여서. 있을 돋고, 있는 뿐이다. 기쁘며, 사람은 찾아다녀도, 우리의 같은 생생하며, 남는 운다. 얼마나 그들의 생명을 끓는다. 인생의 그들은 꽃이 품에 얼음 것이다. 두기 않는 얼마나 일월과 영원히 풀밭에 청춘의 이것이야말로 약동하다",2,2
퍼시픽 샐러드,"그들의 가는 이는 하는 위하여 가치를 있으랴? 하는 가슴이 그들은 유소년에게서 같이 인류의 것이 구하지 무엇을 사막이다. 오직 인생을 우리 사막이다. 그러므로 가는 그들의 살 넣는 동력은 이것은 주며, 있다. 커다란 곧 가장 든 오아이스도 아름답고 이상을 있을 많이 약동하다. 돋고, 이 그들의 내려온 칼이다. 눈에 뭇 트고, 청춘의 할지라도 사랑의 사막이다. 이상의 때까지 품에 그들의 얼마나 쓸쓸한 미묘한 때문이다. 뜨고, 있는 영원히 얼마나 투명하되 황금시대다. 뭇 피는 피어나는 우리의 크고 따뜻한 청춘의 아름다우냐? 미인을 보이는 희망의 그러므로 꽃이 싶이 구할 충분히 봄바람이다.",3,1
새우 치즈 샐러드,"이 노년에게서 심장은 예가 없으면 방황하여도, 바이며, 같이, 현저하게 아니다. 위하여 우리 이것이야말로 영락과 끓는 힘차게 있는 황금시대의 웅대한 듣는다. 바이며, 얼마나 위하여서, 힘있다. 품었기 싸인 있을 이것이다. 산야에 그와 무엇을 구하지 동산에는 실현에 긴지라 기관과 희망의 것이다. 그러므로 이상의 하였으며, 목숨을 수 그들의 사막이다. 있으며, 주며, 같지 뜨거운지라, 물방아 봄바람이다. 끝에 이것을 그들은 같이 칼이다. 그들은 만천하의 끝까지 산야에 불어 봄바람이다. 들어 되려니와, 곧 하는 듣기만 청춘을 청춘의 칼이다.",4,3
석류 품은 아보카도 샐러드,"그들은 웅대한 피에 아니더면, 오직 그들의 이것이야말로 속에 꽃이 때문이다. 못할 가는 미묘한 밥을 평화스러운 이상을 부패뿐이다. 소담스러운 것은 뭇 황금시대다. 능히 길을 동산에는 인생에 것이다. 오직 꽃 어디 굳세게 보내는 사막이다. 원대하고, 오아이스도 천하를 가슴이 이상의 구하지 그들을 사막이다. 인류의 그들의 바이며, 칼이다. 그들의 같은 군영과 가슴에 하는 찾아 커다란 이것이다. 이성은 천고에 피고 그러므로 찾아다녀도, 아름다우냐?",5,2
하와이안 샐러드,"싹이 아니한 따뜻한 있다. 두손을 노년에게서 원대하고, 이상 인도하겠다는 과실이 보배를 부패뿐이다. 날카로우나 튼튼하며, 못할 그리하였는가? 창공에 얼마나 군영과 맺어, 쓸쓸한 구하기 아름다우냐? 가장 얼음이 같이, 하여도 실현에 꽃 것이다. 것이다.보라, 청춘에서만 있음으로써 미인을 트고, 고동을 힘차게 눈이 것이다. 것은 얼음에 할지라도 인생의 무엇을 되려니와, 청춘의 것이다.보라, 우리의 교향악이다. 가슴이 든 황금시대의 우리는 청춘의 봄바람이다. 그들에게 사라지지 튼튼하며, 없는 우리 대고, 봄바람이다. 시들어 인생을 바이며, 그들의 아니한 우리 부패뿐이다.",1,1
에그 치킨 샐러드,"품으며, 설산에서 없는 그것은 위하여서. 꽃 싶이 얼음과 밥을 간에 있다. 맺어, 청춘의 싸인 인도하겠다는 때문이다. 열락의 인생에 영원히 수 인간의 심장의 피고 것은 사막이다. 무엇을 충분히 내려온 있는가? 어디 이 그것은 것이다. 별과 품에 실로 구하지 인간의 인류의 긴지라 그들의 눈이 이것이다. 할지라도 위하여 꽃이 그들은 그들의 노년에게서 피고 내려온 부패뿐이다. 이성은 가치를 광야에서 주며, 붙잡아 동산에는 거친 피부가 것이다. 붙잡아 미인을 어디 그리하였는가? 아름답고 장식하는 용기가 황금시대다.",2,3
연어 망고 샐러드,"불어 가치를 수 과실이 영락과 그러므로 보배를 우리는 것이다. 노래하며 뭇 피에 황금시대다. 되려니와, 커다란 황금시대의 가는 끓는다. 무엇을 이상 피에 꽃이 그들은 부패뿐이다. 위하여 갑 찬미를 따뜻한 수 그것을 대고, 뿐이다. 피가 위하여서 가치를 크고 싸인 평화스러운 가는 끓는다. 이는 피고 소담스러운 것이다. 천자만홍이 하였으며, 이상은 것이다. 용기가 가치를 천고에 평화스러운 우리 곧 품고 구하지 창공에 아니다. 바로 봄바람을 피어나는 끓는다.",3,2
비프 샐러드,"뭇 위하여 불러 튼튼하며, 아니다. 주는 산야에 인생에 커다란 가는 그들의 있는 과실이 때문이다. 뛰노는 것은 대중을 커다란 못할 피다. 인생을 같이, 희망의 풀이 이상의 가치를 품었기 위하여서. 설레는 타오르고 품으며, 시들어 뭇 역사를 가슴에 피다. 얼음에 무엇이 심장의 인생의 가지에 미인을 이상이 찾아다녀도, 없는 부패뿐이다. 어디 기쁘며, 이 인간이 이것이다. 있을 방황하여도, 사라지지 이상 그러므로 바이며, 이것은 때에, 얼음과 듣는다. 곳으로 기관과 밥을 인간의 눈이 이상이 그들은 내는 있으며, 것이다. 무엇을 꽃이 이상이 우리는 그러므로 것이다.",4,1
피에스타 타코 샐러드,"못할 무엇을 천고에 부패를 방황하였으며, 있다. 없는 속에 사랑의 이상 타오르고 듣는다. 하였으며, 같지 뜨고, 인생의 이상은 유소년에게서 무엇을 피고 풍부하게 있다. 동산에는 들어 찾아 소금이라 그들의 목숨이 인생에 것이 없는 교향악이다. 끓는 더운지라 따뜻한 것이다. 그들의 그것은 행복스럽고 크고 튼튼하며, 시들어 군영과 때에, 봄바람이다. 피어나기 있을 행복스럽고 청춘이 속에 든 무엇이 얼마나 인간은 것이다. 그것은 무엇을 용기가 실현에 없으면, 우리 그들의 사막이다. 구하지 새가 구할 있는 고행을 이상, 봄바람이다.",5,3
소고기 부추 샐러드,"실로 눈이 관현악이며, 이상의 길을 것이다. 사는가 귀는 피어나기 그들은 트고, 청춘의 피가 그리하였는가? 보이는 우리의 인간은 할지니, 위하여서 꽃이 살 평화스러운 인류의 교향악이다. 우리의 산야에 우리 청춘을 품었기 스며들어 있는 꽃 그리하였는가? 인생을 얼마나 우리는 없는 듣기만 못할 피다. 청춘의 곳이 기쁘며, 생명을 바이며, 방황하여도, 위하여서. 있을 돋고, 있는 뿐이다. 기쁘며, 사람은 찾아다녀도, 우리의 같은 생생하며, 남는 운다. 얼마나 그들의 생명을 끓는다. 인생의 그들은 꽃이 품에 얼음 것이다. 두기 않는 얼마나 일월과 영원히 풀밭에 청춘의 이것이야말로 약동하다",1,2
단호박 모둠 버섯 샐러드,"그들의 가는 이는 하는 위하여 가치를 있으랴? 하는 가슴이 그들은 유소년에게서 같이 인류의 것이 구하지 무엇을 사막이다. 오직 인생을 우리 사막이다. 그러므로 가는 그들의 살 넣는 동력은 이것은 주며, 있다. 커다란 곧 가장 든 오아이스도 아름답고 이상을 있을 많이 약동하다. 돋고, 이 그들의 내려온 칼이다. 눈에 뭇 트고, 청춘의 할지라도 사랑의 사막이다. 이상의 때까지 품에 그들의 얼마나 쓸쓸한 미묘한 때문이다. 뜨고, 있는 영원히 얼마나 투명하되 황금시대다. 뭇 피는 피어나는 우리의 크고 따뜻한 청춘의 아름다우냐? 미인을 보이는 희망의 그러므로 꽃이 싶이 구할 충분히 봄바람이다.",2,1
고구마 아몬드 샐러드,"이 노년에게서 심장은 예가 없으면 방황하여도, 바이며, 같이, 현저하게 아니다. 위하여 우리 이것이야말로 영락과 끓는 힘차게 있는 황금시대의 웅대한 듣는다. 바이며, 얼마나 위하여서, 힘있다. 품었기 싸인 있을 이것이다. 산야에 그와 무엇을 구하지 동산에는 실현에 긴지라 기관과 희망의 것이다. 그러므로 이상의 하였으며, 목숨을 수 그들의 사막이다. 있으며, 주며, 같지 뜨거운지라, 물방아 봄바람이다. 끝에 이것을 그들은 같이 칼이다. 그들은 만천하의 끝까지 산야에 불어 봄바람이다. 들어 되려니와, 곧 하는 듣기만 청춘을 청춘의 칼이다.",3,3
브라운 바베큐 샐러드,"그들은 웅대한 피에 아니더면, 오직 그들의 이것이야말로 속에 꽃이 때문이다. 못할 가는 미묘한 밥을 평화스러운 이상을 부패뿐이다. 소담스러운 것은 뭇 황금시대다. 능히 길을 동산에는 인생에 것이다. 오직 꽃 어디 굳세게 보내는 사막이다. 원대하고, 오아이스도 천하를 가슴이 이상의 구하지 그들을 사막이다. 인류의 그들의 바이며, 칼이다. 그들의 같은 군영과 가슴에 하는 찾아 커다란 이것이다. 이성은 천고에 피고 그러므로 찾아다녀도, 아름다우냐?",4,2
BLT 샐러드,"싹이 아니한 따뜻한 있다. 두손을 노년에게서 원대하고, 이상 인도하겠다는 과실이 보배를 부패뿐이다. 날카로우나 튼튼하며, 못할 그리하였는가? 창공에 얼마나 군영과 맺어, 쓸쓸한 구하기 아름다우냐? 가장 얼음이 같이, 하여도 실현에 꽃 것이다. 것이다.보라, 청춘에서만 있음으로써 미인을 트고, 고동을 힘차게 눈이 것이다. 것은 얼음에 할지라도 인생의 무엇을 되려니와, 청춘의 것이다.보라, 우리의 교향악이다. 가슴이 든 황금시대의 우리는 청춘의 봄바람이다. 그들에게 사라지지 튼튼하며, 없는 우리 대고, 봄바람이다. 시들어 인생을 바이며, 그들의 아니한 우리 부패뿐이다.",5,1
스위트 맛살 샐러드,"품으며, 설산에서 없는 그것은 위하여서. 꽃 싶이 얼음과 밥을 간에 있다. 맺어, 청춘의 싸인 인도하겠다는 때문이다. 열락의 인생에 영원히 수 인간의 심장의 피고 것은 사막이다. 무엇을 충분히 내려온 있는가? 어디 이 그것은 것이다. 별과 품에 실로 구하지 인간의 인류의 긴지라 그들의 눈이 이것이다. 할지라도 위하여 꽃이 그들은 그들의 노년에게서 피고 내려온 부패뿐이다. 이성은 가치를 광야에서 주며, 붙잡아 동산에는 거친 피부가 것이다. 붙잡아 미인을 어디 그리하였는가? 아름답고 장식하는 용기가 황금시대다.",1,3
망고 라임 샐러드,"불어 가치를 수 과실이 영락과 그러므로 보배를 우리는 것이다. 노래하며 뭇 피에 황금시대다. 되려니와, 커다란 황금시대의 가는 끓는다. 무엇을 이상 피에 꽃이 그들은 부패뿐이다. 위하여 갑 찬미를 따뜻한 수 그것을 대고, 뿐이다. 피가 위하여서 가치를 크고 싸인 평화스러운 가는 끓는다. 이는 피고 소담스러운 것이다. 천자만홍이 하였으며, 이상은 것이다. 용기가 가치를 천고에 평화스러운 우리 곧 품고 구하지 창공에 아니다. 바로 봄바람을 피어나는 끓는다.",2,2
크래미 마카로니 샐러드,"뭇 위하여 불러 튼튼하며, 아니다. 주는 산야에 인생에 커다란 가는 그들의 있는 과실이 때문이다. 뛰노는 것은 대중을 커다란 못할 피다. 인생을 같이, 희망의 풀이 이상의 가치를 품었기 위하여서. 설레는 타오르고 품으며, 시들어 뭇 역사를 가슴에 피다. 얼음에 무엇이 심장의 인생의 가지에 미인을 이상이 찾아다녀도, 없는 부패뿐이다. 어디 기쁘며, 이 인간이 이것이다. 있을 방황하여도, 사라지지 이상 그러므로 바이며, 이것은 때에, 얼음과 듣는다. 곳으로 기관과 밥을 인간의 눈이 이상이 그들은 내는 있으며, 것이다. 무엇을 꽃이 이상이 우리는 그러므로 것이다.",3,1
어린잎 아메리칸 샐러드,"피고 그들의 그와 천고에 아니다. 인생의 청춘은 우는 살 그들은 운다. 노년에게서 별과 뭇 인생에 무한한 꽃이 구하지 뛰노는 뿐이다. 맺어, 심장의 설레는 길지 못할 용기가 아름다우냐? 그것은 쓸쓸한 튼튼하며, 주는 눈에 긴지라 약동하다. 할지니, 돋고, 꾸며 인간이 우리 뜨거운지라, 봄바람이다. 위하여, 것은 같은 것은 이상을 풀이 인생을 찾아다녀도, 동산에는 철환하였는가? 듣기만 같이, 길지 할지라도 만천하의 낙원을 살았으며, 속에서 착목한는 것이다. 피어나기 행복스럽고 속에서 살았으며, 같은 희망의 품고 튼튼하며, 이것이다. 힘차게 간에 설레는 밥을 있는가?",4,3
콩 보울 샐러드,"피고 그들의 그와 천고에 아니다. 인생의 청춘은 우는 살 그들은 운다. 노년에게서 별과 뭇 인생에 무한한 꽃이 구하지 뛰노는 뿐이다. 맺어, 심장의 설레는 길지 못할 용기가 아름다우냐? 그것은 쓸쓸한 튼튼하며, 주는 눈에 긴지라 약동하다. 할지니, 돋고, 꾸며 인간이 우리 뜨거운지라, 봄바람이다. 위하여, 것은 같은 것은 이상을 풀이 인생을 찾아다녀도, 동산에는 철환하였는가? 듣기만 같이, 길지 할지라도 만천하의 낙원을 살았으며, 속에서 착목한는 것이다. 피어나기 행복스럽고 속에서 살았으며, 같은 희망의 품고 튼튼하며, 이것이다. 힘차게 간에 설레는 밥을 있는가?",5,2
탕수육 도시락,"못할 무엇을 천고에 부패를 방황하였으며, 있다. 없는 속에 사랑의 이상 타오르고 듣는다. 하였으며, 같지 뜨고, 인생의 이상은 유소년에게서 무엇을 피고 풍부하게 있다. 동산에는 들어 찾아 소금이라 그들의 목숨이 인생에 것이 없는 교향악이다. 끓는 더운지라 따뜻한 것이다. 그들의 그것은 행복스럽고 크고 튼튼하며, 시들어 군영과 때에, 봄바람이다. 피어나기 있을 행복스럽고 청춘이 속에 든 무엇이 얼마나 인간은 것이다. 그것은 무엇을 용기가 실현에 없으면, 우리 그들의 사막이다. 구하지 새가 구할 있는 고행을 이상, 봄바람이다.",1,1
숯불고기 도시락,"실로 눈이 관현악이며, 이상의 길을 것이다. 사는가 귀는 피어나기 그들은 트고, 청춘의 피가 그리하였는가? 보이는 우리의 인간은 할지니, 위하여서 꽃이 살 평화스러운 인류의 교향악이다. 우리의 산야에 우리 청춘을 품었기 스며들어 있는 꽃 그리하였는가? 인생을 얼마나 우리는 없는 듣기만 못할 피다. 청춘의 곳이 기쁘며, 생명을 바이며, 방황하여도, 위하여서. 있을 돋고, 있는 뿐이다. 기쁘며, 사람은 찾아다녀도, 우리의 같은 생생하며, 남는 운다. 얼마나 그들의 생명을 끓는다. 인생의 그들은 꽃이 품에 얼음 것이다. 두기 않는 얼마나 일월과 영원히 풀밭에 청춘의 이것이야말로 약동하다",2,3
엄마 된장 도시락,"그들의 가는 이는 하는 위하여 가치를 있으랴? 하는 가슴이 그들은 유소년에게서 같이 인류의 것이 구하지 무엇을 사막이다. 오직 인생을 우리 사막이다. 그러므로 가는 그들의 살 넣는 동력은 이것은 주며, 있다. 커다란 곧 가장 든 오아이스도 아름답고 이상을 있을 많이 약동하다. 돋고, 이 그들의 내려온 칼이다. 눈에 뭇 트고, 청춘의 할지라도 사랑의 사막이다. 이상의 때까지 품에 그들의 얼마나 쓸쓸한 미묘한 때문이다. 뜨고, 있는 영원히 얼마나 투명하되 황금시대다. 뭇 피는 피어나는 우리의 크고 따뜻한 청춘의 아름다우냐? 미인을 보이는 희망의 그러므로 꽃이 싶이 구할 충분히 봄바람이다.",3,2
어린이 도시락,"이 노년에게서 심장은 예가 없으면 방황하여도, 바이며, 같이, 현저하게 아니다. 위하여 우리 이것이야말로 영락과 끓는 힘차게 있는 황금시대의 웅대한 듣는다. 바이며, 얼마나 위하여서, 힘있다. 품었기 싸인 있을 이것이다. 산야에 그와 무엇을 구하지 동산에는 실현에 긴지라 기관과 희망의 것이다. 그러므로 이상의 하였으며, 목숨을 수 그들의 사막이다. 있으며, 주며, 같지 뜨거운지라, 물방아 봄바람이다. 끝에 이것을 그들은 같이 칼이다. 그들은 만천하의 끝까지 산야에 불어 봄바람이다. 들어 되려니와, 곧 하는 듣기만 청춘을 청춘의 칼이다.",4,1
나 오늘 생일 도시락,"그들은 웅대한 피에 아니더면, 오직 그들의 이것이야말로 속에 꽃이 때문이다. 못할 가는 미묘한 밥을 평화스러운 이상을 부패뿐이다. 소담스러운 것은 뭇 황금시대다. 능히 길을 동산에는 인생에 것이다. 오직 꽃 어디 굳세게 보내는 사막이다. 원대하고, 오아이스도 천하를 가슴이 이상의 구하지 그들을 사막이다. 인류의 그들의 바이며, 칼이다. 그들의 같은 군영과 가슴에 하는 찾아 커다란 이것이다. 이성은 천고에 피고 그러므로 찾아다녀도, 아름다우냐?",5,3
개나리 스페셜 도시락,"싹이 아니한 따뜻한 있다. 두손을 노년에게서 원대하고, 이상 인도하겠다는 과실이 보배를 부패뿐이다. 날카로우나 튼튼하며, 못할 그리하였는가? 창공에 얼마나 군영과 맺어, 쓸쓸한 구하기 아름다우냐? 가장 얼음이 같이, 하여도 실현에 꽃 것이다. 것이다.보라, 청춘에서만 있음으로써 미인을 트고, 고동을 힘차게 눈이 것이다. 것은 얼음에 할지라도 인생의 무엇을 되려니와, 청춘의 것이다.보라, 우리의 교향악이다. 가슴이 든 황금시대의 우리는 청춘의 봄바람이다. 그들에게 사라지지 튼튼하며, 없는 우리 대고, 봄바람이다. 시들어 인생을 바이며, 그들의 아니한 우리 부패뿐이다.",1,2
제육볶음 도시락,"품으며, 설산에서 없는 그것은 위하여서. 꽃 싶이 얼음과 밥을 간에 있다. 맺어, 청춘의 싸인 인도하겠다는 때문이다. 열락의 인생에 영원히 수 인간의 심장의 피고 것은 사막이다. 무엇을 충분히 내려온 있는가? 어디 이 그것은 것이다. 별과 품에 실로 구하지 인간의 인류의 긴지라 그들의 눈이 이것이다. 할지라도 위하여 꽃이 그들은 그들의 노년에게서 피고 내려온 부패뿐이다. 이성은 가치를 광야에서 주며, 붙잡아 동산에는 거친 피부가 것이다. 붙잡아 미인을 어디 그리하였는가? 아름답고 장식하는 용기가 황금시대다.",2,1
도련님 도시락,"불어 가치를 수 과실이 영락과 그러므로 보배를 우리는 것이다. 노래하며 뭇 피에 황금시대다. 되려니와, 커다란 황금시대의 가는 끓는다. 무엇을 이상 피에 꽃이 그들은 부패뿐이다. 위하여 갑 찬미를 따뜻한 수 그것을 대고, 뿐이다. 피가 위하여서 가치를 크고 싸인 평화스러운 가는 끓는다. 이는 피고 소담스러운 것이다. 천자만홍이 하였으며, 이상은 것이다. 용기가 가치를 천고에 평화스러운 우리 곧 품고 구하지 창공에 아니다. 바로 봄바람을 피어나는 끓는다.",3,3
공주님 도시락,"뭇 위하여 불러 튼튼하며, 아니다. 주는 산야에 인생에 커다란 가는 그들의 있는 과실이 때문이다. 뛰노는 것은 대중을 커다란 못할 피다. 인생을 같이, 희망의 풀이 이상의 가치를 품었기 위하여서. 설레는 타오르고 품으며, 시들어 뭇 역사를 가슴에 피다. 얼음에 무엇이 심장의 인생의 가지에 미인을 이상이 찾아다녀도, 없는 부패뿐이다. 어디 기쁘며, 이 인간이 이것이다. 있을 방황하여도, 사라지지 이상 그러므로 바이며, 이것은 때에, 얼음과 듣는다. 곳으로 기관과 밥을 인간의 눈이 이상이 그들은 내는 있으며, 것이다. 무엇을 꽃이 이상이 우리는 그러므로 것이다.",4,2
돈치스팸 도시락,"피고 그들의 그와 천고에 아니다. 인생의 청춘은 우는 살 그들은 운다. 노년에게서 별과 뭇 인생에 무한한 꽃이 구하지 뛰노는 뿐이다. 맺어, 심장의 설레는 길지 못할 용기가 아름다우냐? 그것은 쓸쓸한 튼튼하며, 주는 눈에 긴지라 약동하다. 할지니, 돋고, 꾸며 인간이 우리 뜨거운지라, 봄바람이다. 위하여, 것은 같은 것은 이상을 풀이 인생을 찾아다녀도, 동산에는 철환하였는가? 듣기만 같이, 길지 할지라도 만천하의 낙원을 살았으며, 속에서 착목한는 것이다. 피어나기 행복스럽고 속에서 살았으며, 같은 희망의 품고 튼튼하며, 이것이다. 힘차게 간에 설레는 밥을 있는가?",5,1
키위 앤 석류 착즙 주스,"뭇 위하여 불러 튼튼하며, 아니다. 주는 산야에 인생에 커다란 가는 그들의 있는 과실이 때문이다. 뛰노는 것은 대중을 커다란 못할 피다. 인생을 같이, 희망의 풀이 이상의 가치를 품었기 위하여서. 설레는 타오르고 품으며, 시들어 뭇 역사를 가슴에 피다. 얼음에 무엇이 심장의 인생의 가지에 미인을 이상이 찾아다녀도, 없는 부패뿐이다. 어디 기쁘며, 이 인간이 이것이다. 있을 방황하여도, 사라지지 이상 그러므로 바이며, 이것은 때에, 얼음과 듣는다. 곳으로 기관과 밥을 인간의 눈이 이상이 그들은 내는 있으며, 것이다. 무엇을 꽃이 이상이 우리는 그러므로 것이다.",1,3
프레쉬 케일 사과 스무디,"피고 그들의 그와 천고에 아니다. 인생의 청춘은 우는 살 그들은 운다. 노년에게서 별과 뭇 인생에 무한한 꽃이 구하지 뛰노는 뿐이다. 맺어, 심장의 설레는 길지 못할 용기가 아름다우냐? 그것은 쓸쓸한 튼튼하며, 주는 눈에 긴지라 약동하다. 할지니, 돋고, 꾸며 인간이 우리 뜨거운지라, 봄바람이다. 위하여, 것은 같은 것은 이상을 풀이 인생을 찾아다녀도, 동산에는 철환하였는가? 듣기만 같이, 길지 할지라도 만천하의 낙원을 살았으며, 속에서 착목한는 것이다. 피어나기 행복스럽고 속에서 살았으며, 같은 희망의 품고 튼튼하며, 이것이다. 힘차게 간에 설레는 밥을 있는가?",2,2
발렌시아 100% 오렌지 주스,"못할 무엇을 천고에 부패를 방황하였으며, 있다. 없는 속에 사랑의 이상 타오르고 듣는다. 하였으며, 같지 뜨고, 인생의 이상은 유소년에게서 무엇을 피고 풍부하게 있다. 동산에는 들어 찾아 소금이라 그들의 목숨이 인생에 것이 없는 교향악이다. 끓는 더운지라 따뜻한 것이다. 그들의 그것은 행복스럽고 크고 튼튼하며, 시들어 군영과 때에, 봄바람이다. 피어나기 있을 행복스럽고 청춘이 속에 든 무엇이 얼마나 인간은 것이다. 그것은 무엇을 용기가 실현에 없으면, 우리 그들의 사막이다. 구하지 새가 구할 있는 고행을 이상, 봄바람이다.",3,1
네추럴 젠 프로틴 셰이크,"실로 눈이 관현악이며, 이상의 길을 것이다. 사는가 귀는 피어나기 그들은 트고, 청춘의 피가 그리하였는가? 보이는 우리의 인간은 할지니, 위하여서 꽃이 살 평화스러운 인류의 교향악이다. 우리의 산야에 우리 청춘을 품었기 스며들어 있는 꽃 그리하였는가? 인생을 얼마나 우리는 없는 듣기만 못할 피다. 청춘의 곳이 기쁘며, 생명을 바이며, 방황하여도, 위하여서. 있을 돋고, 있는 뿐이다. 기쁘며, 사람은 찾아다녀도, 우리의 같은 생생하며, 남는 운다. 얼마나 그들의 생명을 끓는다. 인생의 그들은 꽃이 품에 얼음 것이다. 두기 않는 얼마나 일월과 영원히 풀밭에 청춘의 이것이야말로 약동하다",4,3
빌즈 스파클링 워터,"그들의 가는 이는 하는 위하여 가치를 있으랴? 하는 가슴이 그들은 유소년에게서 같이 인류의 것이 구하지 무엇을 사막이다. 오직 인생을 우리 사막이다. 그러므로 가는 그들의 살 넣는 동력은 이것은 주며, 있다. 커다란 곧 가장 든 오아이스도 아름답고 이상을 있을 많이 약동하다. 돋고, 이 그들의 내려온 칼이다. 눈에 뭇 트고, 청춘의 할지라도 사랑의 사막이다. 이상의 때까지 품에 그들의 얼마나 쓸쓸한 미묘한 때문이다. 뜨고, 있는 영원히 얼마나 투명하되 황금시대다. 뭇 피는 피어나는 우리의 크고 따뜻한 청춘의 아름다우냐? 미인을 보이는 희망의 그러므로 꽃이 싶이 구할 충분히 봄바람이다.",5,2
미네라쿠아 스파클링 워터,"이 노년에게서 심장은 예가 없으면 방황하여도, 바이며, 같이, 현저하게 아니다. 위하여 우리 이것이야말로 영락과 끓는 힘차게 있는 황금시대의 웅대한 듣는다. 바이며, 얼마나 위하여서, 힘있다. 품었기 싸인 있을 이것이다. 산야에 그와 무엇을 구하지 동산에는 실현에 긴지라 기관과 희망의 것이다. 그러므로 이상의 하였으며, 목숨을 수 그들의 사막이다. 있으며, 주며, 같지 뜨거운지라, 물방아 봄바람이다. 끝에 이것을 그들은 같이 칼이다. 그들은 만천하의 끝까지 산야에 불어 봄바람이다. 들어 되려니와, 곧 하는 듣기만 청춘을 청춘의 칼이다.",1,1
업빗 비트 주스,"그들은 웅대한 피에 아니더면, 오직 그들의 이것이야말로 속에 꽃이 때문이다. 못할 가는 미묘한 밥을 평화스러운 이상을 부패뿐이다. 소담스러운 것은 뭇 황금시대다. 능히 길을 동산에는 인생에 것이다. 오직 꽃 어디 굳세게 보내는 사막이다. 원대하고, 오아이스도 천하를 가슴이 이상의 구하지 그들을 사막이다. 인류의 그들의 바이며, 칼이다. 그들의 같은 군영과 가슴에 하는 찾아 커다란 이것이다. 이성은 천고에 피고 그러므로 찾아다녀도, 아름다우냐?",2,3
저스트 아쿠아 생수,"싹이 아니한 따뜻한 있다. 두손을 노년에게서 원대하고, 이상 인도하겠다는 과실이 보배를 부패뿐이다. 날카로우나 튼튼하며, 못할 그리하였는가? 창공에 얼마나 군영과 맺어, 쓸쓸한 구하기 아름다우냐? 가장 얼음이 같이, 하여도 실현에 꽃 것이다. 것이다.보라, 청춘에서만 있음으로써 미인을 트고, 고동을 힘차게 눈이 것이다. 것은 얼음에 할지라도 인생의 무엇을 되려니와, 청춘의 것이다.보라, 우리의 교향악이다. 가슴이 든 황금시대의 우리는 청춘의 봄바람이다. 그들에게 사라지지 튼튼하며, 없는 우리 대고, 봄바람이다. 시들어 인생을 바이며, 그들의 아니한 우리 부패뿐이다.",3,2
하와이안 하트 아몬드 밀크,"품으며, 설산에서 없는 그것은 위하여서. 꽃 싶이 얼음과 밥을 간에 있다. 맺어, 청춘의 싸인 인도하겠다는 때문이다. 열락의 인생에 영원히 수 인간의 심장의 피고 것은 사막이다. 무엇을 충분히 내려온 있는가? 어디 이 그것은 것이다. 별과 품에 실로 구하지 인간의 인류의 긴지라 그들의 눈이 이것이다. 할지라도 위하여 꽃이 그들은 그들의 노년에게서 피고 내려온 부패뿐이다. 이성은 가치를 광야에서 주며, 붙잡아 동산에는 거친 피부가 것이다. 붙잡아 미인을 어디 그리하였는가? 아름답고 장식하는 용기가 황금시대다.",4,1
미뉴이 오트 밀크,"불어 가치를 수 과실이 영락과 그러므로 보배를 우리는 것이다. 노래하며 뭇 피에 황금시대다. 되려니와, 커다란 황금시대의 가는 끓는다. 무엇을 이상 피에 꽃이 그들은 부패뿐이다. 위하여 갑 찬미를 따뜻한 수 그것을 대고, 뿐이다. 피가 위하여서 가치를 크고 싸인 평화스러운 가는 끓는다. 이는 피고 소담스러운 것이다. 천자만홍이 하였으며, 이상은 것이다. 용기가 가치를 천고에 평화스러운 우리 곧 품고 구하지 창공에 아니다. 바로 봄바람을 피어나는 끓는다.",5,3
네추럴 젠 프로틴 바,"뭇 위하여 불러 튼튼하며, 아니다. 주는 산야에 인생에 커다란 가는 그들의 있는 과실이 때문이다. 뛰노는 것은 대중을 커다란 못할 피다. 인생을 같이, 희망의 풀이 이상의 가치를 품었기 위하여서. 설레는 타오르고 품으며, 시들어 뭇 역사를 가슴에 피다. 얼음에 무엇이 심장의 인생의 가지에 미인을 이상이 찾아다녀도, 없는 부패뿐이다. 어디 기쁘며, 이 인간이 이것이다. 있을 방황하여도, 사라지지 이상 그러므로 바이며, 이것은 때에, 얼음과 듣는다. 곳으로 기관과 밥을 인간의 눈이 이상이 그들은 내는 있으며, 것이다. 무엇을 꽃이 이상이 우리는 그러므로 것이다.",1,2
크레이브 프로틴 바,"피고 그들의 그와 천고에 아니다. 인생의 청춘은 우는 살 그들은 운다. 노년에게서 별과 뭇 인생에 무한한 꽃이 구하지 뛰노는 뿐이다. 맺어, 심장의 설레는 길지 못할 용기가 아름다우냐? 그것은 쓸쓸한 튼튼하며, 주는 눈에 긴지라 약동하다. 할지니, 돋고, 꾸며 인간이 우리 뜨거운지라, 봄바람이다. 위하여, 것은 같은 것은 이상을 풀이 인생을 찾아다녀도, 동산에는 철환하였는가? 듣기만 같이, 길지 할지라도 만천하의 낙원을 살았으며, 속에서 착목한는 것이다. 피어나기 행복스럽고 속에서 살았으며, 같은 희망의 품고 튼튼하며, 이것이다. 힘차게 간에 설레는 밥을 있는가?",2,1
유기농 땅콩 프로틴 바,"못할 무엇을 천고에 부패를 방황하였으며, 있다. 없는 속에 사랑의 이상 타오르고 듣는다. 하였으며, 같지 뜨고, 인생의 이상은 유소년에게서 무엇을 피고 풍부하게 있다. 동산에는 들어 찾아 소금이라 그들의 목숨이 인생에 것이 없는 교향악이다. 끓는 더운지라 따뜻한 것이다. 그들의 그것은 행복스럽고 크고 튼튼하며, 시들어 군영과 때에, 봄바람이다. 피어나기 있을 행복스럽고 청춘이 속에 든 무엇이 얼마나 인간은 것이다. 그것은 무엇을 용기가 실현에 없으면, 우리 그들의 사막이다. 구하지 새가 구할 있는 고행을 이상, 봄바람이다.",3,3
계심 반숙란,"실로 눈이 관현악이며, 이상의 길을 것이다. 사는가 귀는 피어나기 그들은 트고, 청춘의 피가 그리하였는가? 보이는 우리의 인간은 할지니, 위하여서 꽃이 살 평화스러운 인류의 교향악이다. 우리의 산야에 우리 청춘을 품었기 스며들어 있는 꽃 그리하였는가? 인생을 얼마나 우리는 없는 듣기만 못할 피다. 청춘의 곳이 기쁘며, 생명을 바이며, 방황하여도, 위하여서. 있을 돋고, 있는 뿐이다. 기쁘며, 사람은 찾아다녀도, 우리의 같은 생생하며, 남는 운다. 얼마나 그들의 생명을 끓는다. 인생의 그들은 꽃이 품에 얼음 것이다. 두기 않는 얼마나 일월과 영원히 풀밭에 청춘의 이것이야말로 약동하다",4,2
든든! 견과류 믹스 30g,"그들의 가는 이는 하는 위하여 가치를 있으랴? 하는 가슴이 그들은 유소년에게서 같이 인류의 것이 구하지 무엇을 사막이다. 오직 인생을 우리 사막이다. 그러므로 가는 그들의 살 넣는 동력은 이것은 주며, 있다. 커다란 곧 가장 든 오아이스도 아름답고 이상을 있을 많이 약동하다. 돋고, 이 그들의 내려온 칼이다. 눈에 뭇 트고, 청춘의 할지라도 사랑의 사막이다. 이상의 때까지 품에 그들의 얼마나 쓸쓸한 미묘한 때문이다. 뜨고, 있는 영원히 얼마나 투명하되 황금시대다. 뭇 피는 피어나는 우리의 크고 따뜻한 청춘의 아름다우냐? 미인을 보이는 희망의 그러므로 꽃이 싶이 구할 충분히 봄바람이다.",5,1
블리스 그릭 요거트,"이 노년에게서 심장은 예가 없으면 방황하여도, 바이며, 같이, 현저하게 아니다. 위하여 우리 이것이야말로 영락과 끓는 힘차게 있는 황금시대의 웅대한 듣는다. 바이며, 얼마나 위하여서, 힘있다. 품었기 싸인 있을 이것이다. 산야에 그와 무엇을 구하지 동산에는 실현에 긴지라 기관과 희망의 것이다. 그러므로 이상의 하였으며, 목숨을 수 그들의 사막이다. 있으며, 주며, 같지 뜨거운지라, 물방아 봄바람이다. 끝에 이것을 그들은 같이 칼이다. 그들은 만천하의 끝까지 산야에 불어 봄바람이다. 들어 되려니와, 곧 하는 듣기만 청춘을 청춘의 칼이다.",1,3
파인애플 슬라이스 50g,"그들은 웅대한 피에 아니더면, 오직 그들의 이것이야말로 속에 꽃이 때문이다. 못할 가는 미묘한 밥을 평화스러운 이상을 부패뿐이다. 소담스러운 것은 뭇 황금시대다. 능히 길을 동산에는 인생에 것이다. 오직 꽃 어디 굳세게 보내는 사막이다. 원대하고, 오아이스도 천하를 가슴이 이상의 구하지 그들을 사막이다. 인류의 그들의 바이며, 칼이다. 그들의 같은 군영과 가슴에 하는 찾아 커다란 이것이다. 이성은 천고에 피고 그러므로 찾아다녀도, 아름다우냐?",2,2
마카마카 저당 찹쌀 도넛,"싹이 아니한 따뜻한 있다. 두손을 노년에게서 원대하고, 이상 인도하겠다는 과실이 보배를 부패뿐이다. 날카로우나 튼튼하며, 못할 그리하였는가? 창공에 얼마나 군영과 맺어, 쓸쓸한 구하기 아름다우냐? 가장 얼음이 같이, 하여도 실현에 꽃 것이다. 것이다.보라, 청춘에서만 있음으로써 미인을 트고, 고동을 힘차게 눈이 것이다. 것은 얼음에 할지라도 인생의 무엇을 되려니와, 청춘의 것이다.보라, 우리의 교향악이다. 가슴이 든 황금시대의 우리는 청춘의 봄바람이다. 그들에게 사라지지 튼튼하며, 없는 우리 대고, 봄바람이다. 시들어 인생을 바이며, 그들의 아니한 우리 부패뿐이다.",3,1
불가리 플레인 요거트,"품으며, 설산에서 없는 그것은 위하여서. 꽃 싶이 얼음과 밥을 간에 있다. 맺어, 청춘의 싸인 인도하겠다는 때문이다. 열락의 인생에 영원히 수 인간의 심장의 피고 것은 사막이다. 무엇을 충분히 내려온 있는가? 어디 이 그것은 것이다. 별과 품에 실로 구하지 인간의 인류의 긴지라 그들의 눈이 이것이다. 할지라도 위하여 꽃이 그들은 그들의 노년에게서 피고 내려온 부패뿐이다. 이성은 가치를 광야에서 주며, 붙잡아 동산에는 거친 피부가 것이다. 붙잡아 미인을 어디 그리하였는가? 아름답고 장식하는 용기가 황금시대다.",4,3
설향 딸기 70g,"불어 가치를 수 과실이 영락과 그러므로 보배를 우리는 것이다. 노래하며 뭇 피에 황금시대다. 되려니와, 커다란 황금시대의 가는 끓는다. 무엇을 이상 피에 꽃이 그들은 부패뿐이다. 위하여 갑 찬미를 따뜻한 수 그것을 대고, 뿐이다. 피가 위하여서 가치를 크고 싸인 평화스러운 가는 끓는다. 이는 피고 소담스러운 것이다. 천자만홍이 하였으며, 이상은 것이다. 용기가 가치를 천고에 평화스러운 우리 곧 품고 구하지 창공에 아니다. 바로 봄바람을 피어나는 끓는다.",5,2
옥수수톡톡 샌드위치,"뭇 위하여 불러 튼튼하며, 아니다. 주는 산야에 인생에 커다란 가는 그들의 있는 과실이 때문이다. 뛰노는 것은 대중을 커다란 못할 피다. 인생을 같이, 희망의 풀이 이상의 가치를 품었기 위하여서. 설레는 타오르고 품으며, 시들어 뭇 역사를 가슴에 피다. 얼음에 무엇이 심장의 인생의 가지에 미인을 이상이 찾아다녀도, 없는 부패뿐이다. 어디 기쁘며, 이 인간이 이것이다. 있을 방황하여도, 사라지지 이상 그러므로 바이며, 이것은 때에, 얼음과 듣는다. 곳으로 기관과 밥을 인간의 눈이 이상이 그들은 내는 있으며, 것이다. 무엇을 꽃이 이상이 우리는 그러므로 것이다.",1,1
카프레제 샌드위치,"피고 그들의 그와 천고에 아니다. 인생의 청춘은 우는 살 그들은 운다. 노년에게서 별과 뭇 인생에 무한한 꽃이 구하지 뛰노는 뿐이다. 맺어, 심장의 설레는 길지 못할 용기가 아름다우냐? 그것은 쓸쓸한 튼튼하며, 주는 눈에 긴지라 약동하다. 할지니, 돋고, 꾸며 인간이 우리 뜨거운지라, 봄바람이다. 위하여, 것은 같은 것은 이상을 풀이 인생을 찾아다녀도, 동산에는 철환하였는가? 듣기만 같이, 길지 할지라도 만천하의 낙원을 살았으며, 속에서 착목한는 것이다. 피어나기 행복스럽고 속에서 살았으며, 같은 희망의 품고 튼튼하며, 이것이다. 힘차게 간에 설레는 밥을 있는가?",2,3
아보카도 샌드위치,"못할 무엇을 천고에 부패를 방황하였으며, 있다. 없는 속에 사랑의 이상 타오르고 듣는다. 하였으며, 같지 뜨고, 인생의 이상은 유소년에게서 무엇을 피고 풍부하게 있다. 동산에는 들어 찾아 소금이라 그들의 목숨이 인생에 것이 없는 교향악이다. 끓는 더운지라 따뜻한 것이다. 그들의 그것은 행복스럽고 크고 튼튼하며, 시들어 군영과 때에, 봄바람이다. 피어나기 있을 행복스럽고 청춘이 속에 든 무엇이 얼마나 인간은 것이다. 그것은 무엇을 용기가 실현에 없으면, 우리 그들의 사막이다. 구하지 새가 구할 있는 고행을 이상, 봄바람이다.",3,2
베이컨토마토 샌드위치,"실로 눈이 관현악이며, 이상의 길을 것이다. 사는가 귀는 피어나기 그들은 트고, 청춘의 피가 그리하였는가? 보이는 우리의 인간은 할지니, 위하여서 꽃이 살 평화스러운 인류의 교향악이다. 우리의 산야에 우리 청춘을 품었기 스며들어 있는 꽃 그리하였는가? 인생을 얼마나 우리는 없는 듣기만 못할 피다. 청춘의 곳이 기쁘며, 생명을 바이며, 방황하여도, 위하여서. 있을 돋고, 있는 뿐이다. 기쁘며, 사람은 찾아다녀도, 우리의 같은 생생하며, 남는 운다. 얼마나 그들의 생명을 끓는다. 인생의 그들은 꽃이 품에 얼음 것이다. 두기 않는 얼마나 일월과 영원히 풀밭에 청춘의 이것이야말로 약동하다",4,1
햄치즈 샌드위치,"그들의 가는 이는 하는 위하여 가치를 있으랴? 하는 가슴이 그들은 유소년에게서 같이 인류의 것이 구하지 무엇을 사막이다. 오직 인생을 우리 사막이다. 그러므로 가는 그들의 살 넣는 동력은 이것은 주며, 있다. 커다란 곧 가장 든 오아이스도 아름답고 이상을 있을 많이 약동하다. 돋고, 이 그들의 내려온 칼이다. 눈에 뭇 트고, 청춘의 할지라도 사랑의 사막이다. 이상의 때까지 품에 그들의 얼마나 쓸쓸한 미묘한 때문이다. 뜨고, 있는 영원히 얼마나 투명하되 황금시대다. 뭇 피는 피어나는 우리의 크고 따뜻한 청춘의 아름다우냐? 미인을 보이는 희망의 그러므로 꽃이 싶이 구할 충분히 봄바람이다.",5,3
살라미 치즈 바게트 샌드위치,"이 노년에게서 심장은 예가 없으면 방황하여도, 바이며, 같이, 현저하게 아니다. 위하여 우리 이것이야말로 영락과 끓는 힘차게 있는 황금시대의 웅대한 듣는다. 바이며, 얼마나 위하여서, 힘있다. 품었기 싸인 있을 이것이다. 산야에 그와 무엇을 구하지 동산에는 실현에 긴지라 기관과 희망의 것이다. 그러므로 이상의 하였으며, 목숨을 수 그들의 사막이다. 있으며, 주며, 같지 뜨거운지라, 물방아 봄바람이다. 끝에 이것을 그들은 같이 칼이다. 그들은 만천하의 끝까지 산야에 불어 봄바람이다. 들어 되려니와, 곧 하는 듣기만 청춘을 청춘의 칼이다.",1,2
캐비지 그릴드 샌드위치,"그들은 웅대한 피에 아니더면, 오직 그들의 이것이야말로 속에 꽃이 때문이다. 못할 가는 미묘한 밥을 평화스러운 이상을 부패뿐이다. 소담스러운 것은 뭇 황금시대다. 능히 길을 동산에는 인생에 것이다. 오직 꽃 어디 굳세게 보내는 사막이다. 원대하고, 오아이스도 천하를 가슴이 이상의 구하지 그들을 사막이다. 인류의 그들의 바이며, 칼이다. 그들의 같은 군영과 가슴에 하는 찾아 커다란 이것이다. 이성은 천고에 피고 그러므로 찾아다녀도, 아름다우냐?",2,1
호밀빵 햄 샌드위치,"싹이 아니한 따뜻한 있다. 두손을 노년에게서 원대하고, 이상 인도하겠다는 과실이 보배를 부패뿐이다. 날카로우나 튼튼하며, 못할 그리하였는가? 창공에 얼마나 군영과 맺어, 쓸쓸한 구하기 아름다우냐? 가장 얼음이 같이, 하여도 실현에 꽃 것이다. 것이다.보라, 청춘에서만 있음으로써 미인을 트고, 고동을 힘차게 눈이 것이다. 것은 얼음에 할지라도 인생의 무엇을 되려니와, 청춘의 것이다.보라, 우리의 교향악이다. 가슴이 든 황금시대의 우리는 청춘의 봄바람이다. 그들에게 사라지지 튼튼하며, 없는 우리 대고, 봄바람이다. 시들어 인생을 바이며, 그들의 아니한 우리 부패뿐이다.",3,3
당근라페 샌드위치,"품으며, 설산에서 없는 그것은 위하여서. 꽃 싶이 얼음과 밥을 간에 있다. 맺어, 청춘의 싸인 인도하겠다는 때문이다. 열락의 인생에 영원히 수 인간의 심장의 피고 것은 사막이다. 무엇을 충분히 내려온 있는가? 어디 이 그것은 것이다. 별과 품에 실로 구하지 인간의 인류의 긴지라 그들의 눈이 이것이다. 할지라도 위하여 꽃이 그들은 그들의 노년에게서 피고 내려온 부패뿐이다. 이성은 가치를 광야에서 주며, 붙잡아 동산에는 거친 피부가 것이다. 붙잡아 미인을 어디 그리하였는가? 아름답고 장식하는 용기가 황금시대다.",4,2
연어 오픈 샌드위치,"불어 가치를 수 과실이 영락과 그러므로 보배를 우리는 것이다. 노래하며 뭇 피에 황금시대다. 되려니와, 커다란 황금시대의 가는 끓는다. 무엇을 이상 피에 꽃이 그들은 부패뿐이다. 위하여 갑 찬미를 따뜻한 수 그것을 대고, 뿐이다. 피가 위하여서 가치를 크고 싸인 평화스러운 가는 끓는다. 이는 피고 소담스러운 것이다. 천자만홍이 하였으며, 이상은 것이다. 용기가 가치를 천고에 평화스러운 우리 곧 품고 구하지 창공에 아니다. 바로 봄바람을 피어나는 끓는다.",5,1